Link,Title,Author,Publisher,"Publish Date","Place of Publication",Format,"Location & Call Number"
https://discover.cuyahogalibrary.org/GroupedWork/732d035b-d0af-82c8-8661-e3a098307e69-eng,"Bluey: the videogame",,"Outright Games Limited",2023,"[London]; [London, United Kingdom]","PlayStation 4;PlayStation 5;Xbox One;Nintendo Switch","PlayStation 5::Administration - Juvenile Collection - Audio Visual: VIDEO GAME PS5 - On Shelf,PlayStation 5::Solon Branch - Juvenile Collection - Audio Visual: VIDEO GAME PS5 - Checked Out,PlayStation 5::Strongsville Branch - Juvenile Collection - Audio Visual: VIDEO GAME PS5 - Checked Out"
https://discover.cuyahogalibrary.org/GroupedWork/ba8de99e-4ecb-735e-c917-0dcbd8a1dcb3-eng,"LEGO 2K drive",,"2K Games",2023,"[Novato, California]; [Novato, CA]; Novato, CA","PlayStation 4;PlayStation 5;Xbox One;Xbox 360;Nintendo Switch","PlayStation 5::Administration - Juvenile Collection - Audio Visual: VIDEO GAME PS5 - On Shelf"
https://discover.cuyahogalibrary.org/GroupedWork/bf336fb8-c128-a45d-a115-0e9ab7f8b300-eng,"Madden NFL: 23",,"Electronic Arts Inc",2022,"Redwood City, CA; Redwood, CA","PlayStation 4;PlayStation 5;Xbox Series X;Xbox One","PlayStation 5::Administration - Juvenile Collection - Audio Visual: VIDEO GAME PS5 - On Shelf,PlayStation 5::Garfield Heights Branch - Juvenile Collection - Audio Visual: VIDEO GAME PS5 - Checked Out"
https://discover.cuyahogalibrary.org/GroupedWork/095d2e01-ad20-70ab-f35c-a7d5486959f5-eng,"Super mega baseball 4",,"Electronic Arts Inc; Electronic Arts",2023,"Redwood City, CA","PlayStation 4;PlayStation 5;Xbox One;Nintendo Switch","PlayStation 5::Administration - Juvenile Collection - Audio Visual: VIDEO GAME PS5 - On Shelf"
https://discover.cuyahogalibrary.org/GroupedWork/d9a606c6-2341-b1c8-470a-696a844f19a6-eng,"The Smurfs 2: the prisoner of the green stone",,"Microids SA",2023,"Paris, France","PlayStation 4;PlayStation 5;Xbox One;Nintendo Switch","PlayStation 5::Administration - Juvenile Collection - Audio Visual: VIDEO GAME PS5 - On Shelf"
https://discover.cuyahogalibrary.org/GroupedWork/650d9440-ccc9-5e73-429b-1b271b399048-eng,"Jumanji: Wild Adventures",,"Outright Games Limited",2023,"London, UK","PlayStation 4;PlayStation 5;Xbox One;Nintendo Switch","PlayStation 5::Administration - Juvenile Collection - Audio Visual: VIDEO GAME PS5 - On Shelf"
https://discover.cuyahogalibrary.org/GroupedWork/11f6aaaf-5b00-5744-c598-a2b48372c2fa-eng,"Sea of stars",,"Sabotage Studio",2024,"[Quebec, Canada]","PlayStation 4;PlayStation 5;Xbox One;Xbox 360;Nintendo Switch","PlayStation 5::Administration - Juvenile Collection - Audio Visual: VIDEO GAME PS5 - On Shelf,PlayStation 5::Fairview Park Branch - Juvenile Collection - Audio Visual: VIDEO GAME PS5 - Checked Out"
https://discover.cuyahogalibrary.org/GroupedWork/f9134d33-0603-6300-80eb-a7b9cc5a4599-eng,"NHL 24",,"Electronic Arts, Inc; Electronic Arts Inc; Electronic Arts",2023,"Redwood City, CA; [Redwood City, CA]","PlayStation 4;PlayStation 5;Xbox Series X;Xbox One","PlayStation 5::Administration - Juvenile Collection - Audio Visual: VIDEO GAME PS5 - Checked Out,PlayStation 5::Bedford Branch - Juvenile Collection - Audio Visual: VIDEO GAME PS5 - Checked Out,PlayStation 5::Berea Branch - Juvenile Collection - Audio Visual: VIDEO GAME PS5 - On Hold Shelf"
https://discover.cuyahogalibrary.org/GroupedWork/db1e2e49-38bc-01b0-58ac-548b5eba9485-eng,"Smurfs Kart",,Microids,"2022 - 2023","Paris, France","PlayStation 4;PlayStation 5;Xbox One;Nintendo Switch","PlayStation 5::Administration - Juvenile Collection - Audio Visual: VIDEO GAME PS5 - On Shelf"
https://discover.cuyahogalibrary.org/GroupedWork/dbddc979-01b6-8db9-3ab8-08fd5756790b-eng,"LEGO Star Wars: the Skywalker saga",,"Warner Bros. Interactive Entertainment; Whv Games","2021 - 2022","Burbank, CA; [Place of publication not identified]","PlayStation 4;PlayStation 5;Xbox One;Nintendo Switch","PlayStation 5::Administration - Juvenile Collection - Audio Visual: VIDEO GAME PS5 - On Shelf,PlayStation 5::Middleburg Heights Branch - Juvenile Collection - Audio Visual: VIDEO GAME PS5 - Checked Out"
https://discover.cuyahogalibrary.org/GroupedWork/4f25417a-e9b8-c084-69ae-0f6a0fda3ab4-eng,"Sonic origins plus",,"Sega of America, Inc; SEGA of America, Inc",2023,"Irvine, California; Irvine, CA","PlayStation 4;PlayStation 5;Xbox One;Xbox 360;Nintendo Switch","PlayStation 5::Administration - Juvenile Collection - Audio Visual: VIDEO GAME PS5 - On Shelf,PlayStation 5::Parma-Snow Branch - Juvenile Collection - Audio Visual: VIDEO GAME PS5 - Checked Out,PlayStation 5::Strongsville Branch - Juvenile Collection - Audio Visual: VIDEO GAME PS5 - Checked Out"
https://discover.cuyahogalibrary.org/GroupedWork/5b677643-629a-bbce-5062-651bd1fffb29-eng,"Garfield: lasagna party",,"Microids SA",2022,"Paris, France","PlayStation 4;PlayStation 5;Xbox One;Nintendo Switch","PlayStation 5::Administration - Juvenile Collection - Audio Visual: VIDEO GAME PS5 - On Shelf,PlayStation 5::Olmsted Falls Branch - Juvenile Collection - Audio Visual: VIDEO GAME PS5 - Checked Out"
https://discover.cuyahogalibrary.org/GroupedWork/2b0dcca3-a68c-0974-3fff-d3db8f9fd6ec-eng,"Teenage Mutant Ninja Turtles arcade: wrath of the mutants",,"Game Mill Entertainment",2024,"Edina, MN","PlayStation 4;PlayStation 5;Xbox One;Nintendo Switch","PlayStation 5::Fairview Park Branch - Juvenile Collection - Audio Visual: VIDEO GAME PS5 - Checked Out,PlayStation 5::Olmsted Falls Branch - Juvenile Collection - Audio Visual: VIDEO GAME PS5 - Checked Out"
https://discover.cuyahogalibrary.org/GroupedWork/60aec9ef-5fd1-d51a-24fd-b22647fd80f6-eng,"Teenage Mutant Ninja Turtles: Mutants unleashed",,"Outright Games Limited; Outright Games",2024,"[London, UK]; London","PlayStation 4;PlayStation 5;Xbox One;Xbox 360;Nintendo Switch","PlayStation 5::Administration - Juvenile Collection - Audio Visual: VIDEO GAME PS5 - On Shelf,PlayStation 5::Parma-Snow Branch - Juvenile Collection - Audio Visual: VIDEO GAME PS5 - On Shelf"
https://discover.cuyahogalibrary.org/GroupedWork/13be6d81-3650-4bb5-5283-901c9b5475be-eng,"PJ Masks power heroes: mighty alliance",,"Outright Games Limited",2024,London,"PlayStation 4;PlayStation 5;Xbox One;Nintendo Switch","PlayStation 5::Administration - Juvenile Collection - Audio Visual: VIDEO GAME PS5 - On Shelf,PlayStation 5::Parma-Snow Branch - Juvenile Collection - Audio Visual: VIDEO GAME PS5 - Checked Out"
https://discover.cuyahogalibrary.org/GroupedWork/6e62cd9d-5099-af75-0038-50f0e6c90c56-eng,"Madden NFL 24",,"Electronic Arts Inc",2023,"Redwood City, CA; [Redwood City, CA]","PlayStation 4;PlayStation 5;Xbox One;Xbox 360","PlayStation 5::Administration - Juvenile Collection - Audio Visual: VIDEO GAME PS5 - On Shelf,PlayStation 5::Garfield Heights Branch - Juvenile Collection - Audio Visual: VIDEO GAME PS5 - Checked Out,PlayStation 5::Parma-Snow Branch - Juvenile Collection - Audio Visual: VIDEO GAME PS5 - Checked Out"
https://discover.cuyahogalibrary.org/GroupedWork/654b287c-c066-71ae-ad89-6c3dbb66e26f-eng,"Atari 50: the anniversary celebration",,"Atari, Inc; Atari",2022,"New York, NY; [New York, NY]","PlayStation 4;PlayStation 5;Xbox One;Xbox 360;Nintendo Switch","PlayStation 5::Administration - Juvenile Collection - Audio Visual: VIDEO GAME PS5 - On Shelf"
https://discover.cuyahogalibrary.org/GroupedWork/2ff7ede1-b398-caf4-860c-ae5c8f207b29-eng,"Hercule Poirot: the London case",,"Microids SA; Microids, SA",2023,"Paris, France","PlayStation 4;PlayStation 5;Nintendo Switch","PlayStation 5::Administration - Juvenile Collection - Audio Visual: VIDEO GAME PS5 - In Transit from Administration"
https://discover.cuyahogalibrary.org/GroupedWork/b86ef6b3-076d-16c3-834a-5baa389846d1-eng,"Hogwarts legacy",,"Warner Bros. Interactive Entertainment",2023,"Burbank, CA; Burbank, California","PlayStation 4;PlayStation 5;Xbox One","PlayStation 5::Fairview Park Branch - Juvenile Collection - Audio Visual: VIDEO GAME PS5 - Checked Out,PlayStation 5::Parma Heights Branch - Juvenile Collection - Audio Visual: VIDEO GAME PS5 - Checked Out,PlayStation 5::South Euclid-Lyndhurst Branch - Juvenile Collection - Audio Visual: VIDEO GAME PS5 - Checked Out"
https://discover.cuyahogalibrary.org/GroupedWork/8b9b6288-3e59-98d3-510b-d8a38520d2fb-eng,"Super monkey ball banana mania",,"Sega of America, Inc; Sega of America; Sega",2021,"Irvine, CA","PlayStation 4;PlayStation 5;Xbox One;Nintendo Switch","PlayStation 5::Administration - Juvenile Collection - Audio Visual: VIDEO GAME PS5 - On Shelf"
https://discover.cuyahogalibrary.org/GroupedWork/60af5b7c-c817-95b5-ba2f-f484cbd2fae0-eng,"Ninja kidz: time masters",,SelectaPlay,2023,"[Barcelona, Spain]; Barcelona, Spain","PlayStation 4;PlayStation 5;Nintendo Switch","PlayStation 5::Administration - Juvenile Collection - Audio Visual: VIDEO GAME PS5 - On Shelf"
https://discover.cuyahogalibrary.org/GroupedWork/3d12c51d-ab9b-377f-b74a-ed9f2b5bbe5f-eng,"Gal guardians: demon purge",,"PQube Ltd","2022 - 2023","Hertfordshire, [England]; [Place of publication unknown]","PlayStation 4;PlayStation 5;Nintendo Switch","PlayStation 5::Administration - Juvenile Collection - Audio Visual: VIDEO GAME PS5 - On Shelf"
https://discover.cuyahogalibrary.org/GroupedWork/b56b2053-66d2-85db-254e-930ab6ed3aee-eng,"Pac-Man world: Re-Pac",,"Bandai Namco; Bandai Namco Entertainment America, Inc; Bandai Namco Entertainment America Inc",2022,"Irvine, California; [United States]","PlayStation 4;PlayStation 5;Xbox One;Nintendo Switch","PlayStation 5::Administration - Juvenile Collection - Audio Visual: VIDEO GAME PS5 - On Shelf"
https://discover.cuyahogalibrary.org/GroupedWork/809b5f85-af6e-84a2-2e10-13b907645d31-eng,"Five Nights at Freddy's: security breach",,"Maximum Games Inc; Maximum Games, LLC",2022,"Walnut Creek, CA","PlayStation 5;Nintendo Switch","PlayStation 5::Administration - Juvenile Collection - Audio Visual: VIDEO GAME PS5 - On Shelf"
https://discover.cuyahogalibrary.org/GroupedWork/cbcd04d3-084a-ed0f-9d3b-532330313662-eng,"The Grinch: Christmas adventures",,"Outright Games Limited",2023,London,"PlayStation 4;PlayStation 5;Nintendo Switch","PlayStation 5::Administration - Juvenile Collection - Audio Visual: VIDEO GAME PS5 - On Shelf,PlayStation 5::Parma-Powers Branch - Juvenile Collection - Audio Visual: VIDEO GAME PS5 - Checked Out"
https://discover.cuyahogalibrary.org/GroupedWork/629f97dd-17bf-e221-e346-39c318d2380e-eng,"WWE 2K24",,2K,2024,"Novato, CA","PlayStation 4;PlayStation 5;Xbox One;Xbox 360","PlayStation 5::Administration - Juvenile Collection - Audio Visual: VIDEO GAME PS5 - On Shelf"
https://discover.cuyahogalibrary.org/GroupedWork/f4d9581e-294b-2a37-c1ec-ca71b8184001-eng,"Miraculous: rise of the Sphinx",,"Game Mill Entertainment; GameMill Entertainment",2022,"Edina, MN; [Edina, MN]","PlayStation 4;PlayStation 5;Xbox One;Nintendo Switch","PlayStation 5::Administration - Juvenile Collection - Audio Visual: VIDEO GAME PS5 - On Shelf"
https://discover.cuyahogalibrary.org/GroupedWork/78d45fda-757d-2701-2214-79146fcb2792-eng,"Epic Mickey: Rebrushed",,"THQ Nordic : Disney Interactive Studios; THQ Nordic",2024,"[New York]","PlayStation 5;Xbox Series X;Nintendo Switch","PlayStation 5::Olmsted Falls Branch - Juvenile Collection - Audio Visual: VIDEO GAME PS5 - Checked Out,PlayStation 5::Solon Branch - Juvenile Collection - Audio Visual: VIDEO GAME PS5 - Checked Out"
https://discover.cuyahogalibrary.org/GroupedWork/6eba57b0-9397-ad7f-4213-8eae4050e760-eng,"Naruto x Boruto ultimate ninja storm connections",,"Bandai Namco Entertainment America Inc",2023,"[Irvine, CA]","PlayStation 4;PlayStation 5;Xbox One;Xbox 360","PlayStation 5::Administration - Juvenile Collection - Audio Visual: VIDEO GAME PS5 - On Shelf,PlayStation 5::Bedford Branch - Juvenile Collection - Audio Visual: VIDEO GAME PS5 - Checked Out,PlayStation 5::Mayfield Branch - Juvenile Collection - Audio Visual: VIDEO GAME PS5 - Checked Out"
https://discover.cuyahogalibrary.org/GroupedWork/91de6a7a-5d9a-9537-c12e-8eb7780d3084-eng,"F1 manager 23",,"Sold Out Sales and Marketing Ltd",2023,"London, UK","PlayStation 4;PlayStation 5;Xbox One","PlayStation 5::Administration - Juvenile Collection - Audio Visual: VIDEO GAME PS5 - On Shelf"
https://discover.cuyahogalibrary.org/GroupedWork/a6844d77-6273-4162-027b-8ab2ae265033-eng,"God of rock",,"Modus; Modus Games","2020 - 2023","Walnut Creek, CA; [United States]","PlayStation 4;PlayStation 5;Xbox One;Nintendo Switch","PlayStation 5::Administration - Juvenile Collection - Audio Visual: VIDEO GAME PS5 - On Shelf"
https://discover.cuyahogalibrary.org/GroupedWork/fb2cd29d-0412-a74e-c5e8-e43142062aba-eng,"NHL 23",,"Electronic Arts, Inc; Electronic Arts Inc",2022,"Redwood City, CA","PlayStation 4;PlayStation 5;Xbox Series X;Xbox One","PlayStation 5::Administration - Juvenile Collection - Audio Visual: VIDEO GAME PS5 - On Shelf"
https://discover.cuyahogalibrary.org/GroupedWork/2a0385ca-b56a-f47b-0634-c0fab7642e3b-eng,"Nickelodeon all-star brawl",,"GameMill Entertainment, LLC; GameMill Entertainment",2021,"Edina, MN","PlayStation 4;PlayStation 5;Xbox One;Nintendo Switch","PlayStation 5::Administration - Juvenile Collection - Audio Visual: VIDEO GAME PS5 - On Shelf"
https://discover.cuyahogalibrary.org/GroupedWork/bbdfa455-fc28-6c8a-06fc-6164272826f5-eng,"Spider-Man: Miles Morales",,"Sony Interactive Entertainment LLC",2020,"San Mateo, CA","PlayStation 4;PlayStation 5","PlayStation 5::Administration - Juvenile Collection - Audio Visual: VIDEO GAME PS5 - On Shelf,PlayStation 5::Garfield Heights Branch - Juvenile Collection - Audio Visual: VIDEO GAME PS5 - Checked Out"
https://discover.cuyahogalibrary.org/GroupedWork/aa7c3240-fbc4-bb3d-8f75-b95e08a11e4c-eng,"PGA Tour 2K23",,"2K Games",2022,"Novato, California; Novato, CA","PlayStation 4;PlayStation 5;Xbox One","PlayStation 5::Richmond Heights Branch - Juvenile Collection - Audio Visual: VIDEO GAME PS5 - Checked Out"
https://discover.cuyahogalibrary.org/GroupedWork/16203939-d164-d2e9-f17d-19b11a90bf2b-eng,"FC 25",,"Electronic Arts Inc; Electronic Arts",2024,"Redwood City, CA; [Redwood City, CA]","PlayStation 4;PlayStation 5;Xbox One;Xbox 360","PlayStation 5::Administration - Juvenile Collection - Audio Visual: VIDEO GAME PS5 - On Shelf"
https://discover.cuyahogalibrary.org/GroupedWork/f4086567-1ee4-ac64-e745-c873dd91ec63-eng,"JoJo's bizarre adventure: all star battle R",,"Bandai Namco; Bandai Namco Entertainment America Inc",2022,"Irvine, California; [United States]","PlayStation 4;PlayStation 5;Nintendo Switch","PlayStation 5::Garfield Heights Branch - Juvenile Collection - Audio Visual: VIDEO GAME PS5 - On Hold Shelf"
https://discover.cuyahogalibrary.org/GroupedWork/acb759c8-e291-b168-8b2d-50f691959403-eng,"F1 2022: the official videogame",,"Electronic Arts",2022,"Redwood City, CA","PlayStation 4;PlayStation 5;Xbox Series X;Xbox One","PlayStation 5::Administration - Juvenile Collection - Audio Visual: VIDEO GAME PS5 - On Shelf"
https://discover.cuyahogalibrary.org/GroupedWork/d94242a9-74ec-4ab1-36cf-29321323bdec-eng,"Star Wars: Jedi survivor",,"Electronic Arts Inc","2023 - 2024","Redwood City, CA","PlayStation 4;PlayStation 5;Xbox Series X","PlayStation 5::Brooklyn Branch - Juvenile Collection - Audio Visual: VIDEO GAME PS5 - Checked Out,PlayStation 5::Parma Heights Branch - Juvenile Collection - Audio Visual: VIDEO GAME PS5 - Checked Out"
https://discover.cuyahogalibrary.org/GroupedWork/543139b9-91b7-6c03-451b-c28f4547752a-eng,"One piece: odyssey",,"Bandai Namco Entertainment America Inc",2022,"Irvine, California","PlayStation 4;PlayStation 5;Xbox Series X","PlayStation 5::Administration - Juvenile Collection - Audio Visual: VIDEO GAME PS5 - On Shelf,PlayStation 5::Mayfield Branch - Juvenile Collection - Audio Visual: VIDEO GAME PS5 - Checked Out"
https://discover.cuyahogalibrary.org/GroupedWork/30cd76dd-022d-a597-a427-6e4698ef8137-eng,"Lego brawls",,"Bandai Namco Entertainment; Bandai Namco Entertainment America Inc",2022,"Irvine, California","PlayStation 4;PlayStation 5;Xbox One","PlayStation 5::Administration - Juvenile Collection - Audio Visual: VIDEO GAME PS5 - On Shelf"
https://discover.cuyahogalibrary.org/GroupedWork/77399b47-61c5-7e0b-6910-95277f64f2bf-zxx,"AEW: fight forever",,"THQ Nordic","2022 - 2023","Bohemia, NY","PlayStation 4;PlayStation 5;Xbox One","PlayStation 5::Administration - Juvenile Collection - Audio Visual: VIDEO GAME PS5 - On Shelf,PlayStation 5::Berea Branch - Juvenile Collection - Audio Visual: VIDEO GAME PS5 - Checked Out,PlayStation 5::Garfield Heights Branch - Juvenile Collection - Audio Visual: VIDEO GAME PS5 - Checked Out"
https://discover.cuyahogalibrary.org/GroupedWork/609afa1d-782e-dcd6-8289-ca8d2c977f12-eng,"Jurassic Park: classic games collection",,"Limited Run Games",2023,"[Apex, North Carolina]; Apex, North Carolina","PlayStation 5;Nintendo Switch","PlayStation 5::Fairview Park Branch - Juvenile Collection - Audio Visual: VIDEO GAME PS5 - On Hold Shelf,PlayStation 5::Solon Branch - Juvenile Collection - Audio Visual: VIDEO GAME PS5 - On Hold Shelf"
https://discover.cuyahogalibrary.org/GroupedWork/79b5181a-ce5e-5801-05fc-55dd7588eba4-eng,"Survivor: Castaway Island",,Microids,2023,"Paris, France","PlayStation 5;Nintendo Switch","PlayStation 5::Administration - Juvenile Collection - Audio Visual: VIDEO GAME PS5 - In Transit from Administration"
https://discover.cuyahogalibrary.org/GroupedWork/383d98b2-9965-84a0-8763-f260737f725c-eng,"Sonic X Shadow generations",,"Sega of America, Inc; SEGA of America; SEGA",2024,"Irvine, California; Irvine, CA","PlayStation 5;Xbox One;Nintendo Switch","PlayStation 5::Parma-Snow Branch - Juvenile Collection - Audio Visual: VIDEO GAME PS5 - In Transit,PlayStation 5::Solon Branch - Juvenile Collection - Audio Visual: VIDEO GAME PS5 - Checked Out"
https://discover.cuyahogalibrary.org/GroupedWork/d139fdc7-9b50-d447-0489-28a66c869ce0-eng,"Madden NFL: 22",,"Electronic Arts Inc",2021,"Redwood City, California","PlayStation 4;PlayStation 5;Xbox Series X","PlayStation 5::Administration - Juvenile Collection - Audio Visual: VIDEO GAME PS5 - On Shelf"
https://discover.cuyahogalibrary.org/GroupedWork/c73ddca0-7cac-43e3-756a-40852a5a9fee-eng,"Dog Man: mission impawsible",,"Mindscape B.V",2024,"[Amstelveen, Netherlands]","PlayStation 5;Nintendo Switch","PlayStation 5::Beachwood Branch - Juvenile Collection - Audio Visual: VIDEO GAME PS5 - Checked Out,PlayStation 5::Fairview Park Branch - Juvenile Collection - Audio Visual: VIDEO GAME PS5 - Checked Out,PlayStation 5::Parma Heights Branch - Juvenile Collection - Audio Visual: VIDEO GAME PS5 - Checked Out"
https://discover.cuyahogalibrary.org/GroupedWork/ad4d33b6-43b3-f421-8bf4-d3f0c153b678-eng,"NBA 2K22",,2K,2021,"Novato, CA","PlayStation 4;PlayStation 5;Nintendo Switch","PlayStation 5::Administration - Juvenile Collection - Audio Visual: VIDEO GAME PS5 - On Shelf"
https://discover.cuyahogalibrary.org/GroupedWork/f3cc7a59-23c1-72b3-5692-8486fa56aded-eng,"Cobra Kai: 2,Dojos rising",,"GameMill Entertainment",2022,"Edina, MN; [United States]","PlayStation 4;PlayStation 5;Nintendo Switch","PlayStation 5::Administration - Juvenile Collection - Audio Visual: VIDEO GAME PS5 - On Shelf"
https://discover.cuyahogalibrary.org/GroupedWork/79282abe-447d-6fd7-5d9f-6d8dd4e6564b-eng,"FIFA 22",,"Electronic Arts, Inc",2021,"Redwood City, CA","PlayStation 4;PlayStation 5;Xbox One","PlayStation 5::Administration - Juvenile Collection - Audio Visual: VIDEO GAME PS5 - On Shelf"
https://discover.cuyahogalibrary.org/GroupedWork/a1e9ad5f-0cf9-378c-ae68-bef7b5026a02-eng,"Ghostbusters: spirits unleashed",,"IIIFonic Inc; IllFonic",2022,"Tacoma, WA","PlayStation 4;PlayStation 5;Xbox One","PlayStation 5::Administration - Juvenile Collection - Audio Visual: VIDEO GAME PS5 - On Shelf"
https://discover.cuyahogalibrary.org/GroupedWork/c8362644-1b46-9d82-e8f6-42060b12d82f-eng,"Star ocean: The divine force",,"Square Enix, Inc",2022,"El Segundo, CA; [El Segundo, CA]","PlayStation 4;PlayStation 5;Xbox One","PlayStation 5::Administration - Juvenile Collection - Audio Visual: VIDEO GAME PS5 - On Shelf"
https://discover.cuyahogalibrary.org/GroupedWork/aee8e9b2-0b9c-4eb9-ab2e-b9553deb3056-eng,"Kart racers 3: slime speedway",,"GameMill Entertainment",2022,"Edina, MN","PlayStation 4;PlayStation 5;Xbox One","PlayStation 5::Bedford Branch - Juvenile Collection - Audio Visual: VIDEO GAME PS5 - Checked Out"
https://discover.cuyahogalibrary.org/GroupedWork/4289cb86-00fd-2064-b2c0-d4958ae5c02b-eng,"Tales of Arise",,"Bandai Namco Entertainment America Inc",2021,"Santa Clara, CA","PlayStation 4;PlayStation 5;Xbox One","PlayStation 5::Administration - Juvenile Collection - Audio Visual: VIDEO GAME PS5 - On Shelf"
https://discover.cuyahogalibrary.org/GroupedWork/e0cbb0ac-412b-3e16-82ae-0f7e45efbe37-eng,"Hello neighbor 2",,"Gearbox Publishing",2022,"Frisco, TX","PlayStation 4;PlayStation 5;Xbox One","PlayStation 5::Administration - Juvenile Collection - Audio Visual: VIDEO GAME PS5 - On Shelf"
https://discover.cuyahogalibrary.org/GroupedWork/494e3277-448f-1b97-30a7-4c469ae5e0c5-eng,"Metaphor: Refantazio",,"SEGA of America, Inc",2024,"[Irvine, CA]","Xbox Series X;PlayStation 5","PlayStation 5::Fairview Park Branch - Juvenile Collection - Audio Visual: VIDEO GAME PS5 - On Hold Shelf,PlayStation 5::Strongsville Branch - Juvenile Collection - Audio Visual: VIDEO GAME PS5 - Checked Out"
https://discover.cuyahogalibrary.org/GroupedWork/9b1916d0-fa8c-4697-66aa-b8b0313dfee9-eng,"Formula retro racing: world tour",,"Numskull Games",2023,"Garden City, United Kingdom","PlayStation 4;PlayStation 5","PlayStation 5::Administration - Juvenile Collection - Audio Visual: VIDEO GAME PS5 - On Shelf"
https://discover.cuyahogalibrary.org/GroupedWork/5a69de6b-cf5f-16b2-9f78-6ad70270e84a-eng,"Riders republic: a Ubisoft original",,"Ubisoft, Inc",2021,"San Francisco, California","PlayStation 4;PlayStation 5;Xbox One","PlayStation 5::Olmsted Falls Branch - Juvenile Collection - Audio Visual: VIDEO GAME PS5 - Checked Out"
https://discover.cuyahogalibrary.org/GroupedWork/5dbea2c2-910f-78c6-33a3-2cc16913f3f4-eng,"Avatar: frontiers of Pandora",,Ubisoft,2023,"San Francisco, CA","Xbox Series X;PlayStation 5","PlayStation 5::Administration - Juvenile Collection - Audio Visual: VIDEO GAME PS5 - On Shelf,PlayStation 5::Bay Village Branch - Juvenile Collection - Audio Visual: VIDEO GAME PS5 - Checked Out,PlayStation 5::Warrensville Heights Branch - Juvenile Collection - Audio Visual: VIDEO GAME PS5 - In Transit"
https://discover.cuyahogalibrary.org/GroupedWork/aba9874b-0e2f-453b-9e71-8d0a748f13aa-eng,"Dragon Ball: sparking! zero",,"Bandai Namco Entertainment America, Inc",2024,"Irvine, California","Xbox Series X;PlayStation 5","PlayStation 5::Fairview Park Branch - Juvenile Collection - Audio Visual: VIDEO GAME PS5 - Checked Out,PlayStation 5::Parma-Powers Branch - Juvenile Collection - Audio Visual: VIDEO GAME PS5 - On Hold Shelf"
https://discover.cuyahogalibrary.org/GroupedWork/1dc20c71-e25a-d190-dce8-517974e71229-eng,"WWE 2K22",,2K,2022,"Novato, CA","PlayStation 5;Xbox Series X;Xbox One","PlayStation 5::Administration - Juvenile Collection - Audio Visual: VIDEO GAME PS5 - On Shelf"
https://discover.cuyahogalibrary.org/GroupedWork/3af14e07-a5ae-66d6-4661-3f9e5180e4b4-eng,"WRC generations: the official game",,"Maximum Games",2022,"Walnut Creek, CA","PlayStation 4;PlayStation 5;Xbox One","PlayStation 5::Administration - Juvenile Collection - Audio Visual: VIDEO GAME PS5 - On Shelf"
https://discover.cuyahogalibrary.org/GroupedWork/47f1ee3c-7dd3-16ca-2590-0a1fa3a8e23c-eng,"F1 2021: the official videogame",,"Electronic Arts",2021,"Redwood City, CA","PlayStation 4;PlayStation 5;Xbox One","PlayStation 5::Administration - Juvenile Collection - Audio Visual: VIDEO GAME PS5 - On Shelf"
https://discover.cuyahogalibrary.org/GroupedWork/7b5879de-e954-733e-4bdf-f82097a78020-eng,"Sword and Fairy: together forever",,"Serenity Forge",2023,"Broomsfield, CO","PlayStation 4;PlayStation 5","PlayStation 5::Administration - Juvenile Collection - Audio Visual: VIDEO GAME PS5 - On Shelf"
https://discover.cuyahogalibrary.org/GroupedWork/8c81c442-995d-b0ed-7cf1-f333acf2705e-eng,"Matchpoint: tennis championships",,"Kalypso Media USA Inc",2022,"Renton, WA","PlayStation 4;PlayStation 5;Xbox One","PlayStation 5::Administration - Juvenile Collection - Audio Visual: VIDEO GAME PS5 - On Shelf"
https://discover.cuyahogalibrary.org/GroupedWork/004b599e-b525-7c83-c3c6-1acd69252c2a-eng,"Arcade Game Zone",,"Maximum Games",2023,"Walnut Creek, CA","PlayStation 5;Nintendo Switch","PlayStation 5::Chagrin Falls Branch - Juvenile Collection - Audio Visual: VIDEO GAME PS5 - Checked Out,PlayStation 5::Olmsted Falls Branch - Juvenile Collection - Audio Visual: VIDEO GAME PS5 - Checked Out"
https://discover.cuyahogalibrary.org/GroupedWork/65a89419-09f7-4db4-e084-51dbc9cc9f1d-eng,"WWE 2K23",,"2K, Take-Two Interactive Software, Inc; 2K",2023,"Novato, California; Novato, CA","Xbox Series X;PlayStation 5","PlayStation 5::Administration - Juvenile Collection - Audio Visual: VIDEO GAME PS5 - On Shelf"
https://discover.cuyahogalibrary.org/GroupedWork/816e2b26-745e-61b0-8974-9bac1892b136-eng,"NBA 2K23",,2K,2022,"Novato, CA","PlayStation 4;PlayStation 5","PlayStation 5::Beachwood Branch - Juvenile Collection - Audio Visual: VIDEO GAME PS5 - On Shelf,PlayStation 5::Brecksville Branch - Juvenile Collection - Audio Visual: VIDEO GAME PS5 - Checked Out,PlayStation 5::Garfield Heights Branch - Juvenile Collection - Audio Visual: VIDEO GAME PS5 - Checked Out"
https://discover.cuyahogalibrary.org/GroupedWork/86d53b6d-1be9-6e11-a8fa-c7b91b414ac3-eng,"The show 23",,"Sony Interactive Entertainment LLC",2023,"San Mateo, CA","PlayStation 4;PlayStation 5","PlayStation 5::Administration - Juvenile Collection - Audio Visual: VIDEO GAME PS5 - On Shelf,PlayStation 5::Garfield Heights Branch - Juvenile Collection - Audio Visual: VIDEO GAME PS5 - Checked Out"
https://discover.cuyahogalibrary.org/GroupedWork/b039c5c0-9efd-7f72-8d09-94556df8bf73-eng,"Star Trek resurgence",,"Bruner House",2023,"San Rafael, CA","PlayStation 5;Xbox One","PlayStation 5::Administration - Juvenile Collection - Audio Visual: VIDEO GAME PS5 - On Shelf,PlayStation 5::Independence Branch - Juvenile Collection - Audio Visual: VIDEO GAME PS5 - Checked Out,PlayStation 5::Parma Heights Branch - Juvenile Collection - Audio Visual: VIDEO GAME PS5 - Checked Out"
https://discover.cuyahogalibrary.org/GroupedWork/a1a0e329-87bc-3bb5-95b3-1e916dbdb027-eng,"FIFA 23",,"EA Sports",2022,"Redwood City, CA","PlayStation 4;PlayStation 5","PlayStation 5::Administration - Juvenile Collection - Audio Visual: VIDEO GAME PS5 - On Shelf"
https://discover.cuyahogalibrary.org/GroupedWork/e1edca18-1fdd-c615-6477-dc0c141b9db9-zxx,"Crisis core: final fantasy VII reunion",,"Square Enix",2022,"El Segundo, CA","PlayStation 4;PlayStation 5","PlayStation 5::Administration - Juvenile Collection - Audio Visual: VIDEO GAME PS5 - On Shelf,PlayStation 5::Fairview Park Branch - Juvenile Collection - Audio Visual: VIDEO GAME PS5 - Checked Out"
https://discover.cuyahogalibrary.org/GroupedWork/3eaa22e2-f093-765d-76fc-e3a8d9cd4d75-eng,"Dragon Ball Xenoverse 2",,"Bandai Namco Entertainment; Bandai Namco Entertainment America, Inc",2024,"Irvine, California","PlayStation 5;Xbox One","PlayStation 5::Administration - Juvenile Collection - Audio Visual: VIDEO GAME PS5 - On Shelf,PlayStation 5::Garfield Heights Branch - Juvenile Collection - Audio Visual: VIDEO GAME PS5 - Checked Out"
https://discover.cuyahogalibrary.org/GroupedWork/eb806349-6be5-7e4c-4471-9e5681cb7cd2-eng,"Dreamworks all star kart racing",,"GameMill Entertainment",2023,"Edina, MN","PlayStation 4;PlayStation 5","PlayStation 5::Administration - Juvenile Collection - Audio Visual: VIDEO GAME PS5 - On Shelf,PlayStation 5::Parma-Powers Branch - Juvenile Collection - Audio Visual: VIDEO GAME PS5 - Checked Out"
https://discover.cuyahogalibrary.org/GroupedWork/504e862d-ba76-9a82-763d-680599d82a1f-eng,"Dragon Ball Z: Kakarot",,"Bandai Namco Entertainment America Inc",2022,"Irvine, California","PlayStation 5;Xbox One","PlayStation 5::Bedford Branch - Juvenile Collection - Audio Visual: VIDEO GAME PS5 - Checked Out,PlayStation 5::North Royalton Branch - Juvenile Collection - Audio Visual: VIDEO GAME PS5 - Checked Out"
https://discover.cuyahogalibrary.org/GroupedWork/adaac962-5405-5b69-adf1-3541a7ff93d3-eng,"PGA tour: road to the Masters",,"Electronic Arts, Inc",2023,"Redwood City, CA","Xbox Series X;PlayStation 5","PlayStation 5::Administration - Juvenile Collection - Audio Visual: VIDEO GAME PS5 - On Shelf,PlayStation 5::Bedford Branch - Juvenile Collection - Audio Visual: VIDEO GAME PS5 - Checked Out"
https://discover.cuyahogalibrary.org/GroupedWork/c0ffb8fc-2b8a-1af8-9a3a-4754f99f6ef8-eng,"Marvel guardians of the galaxy",,"Square Enix Inc",2021,"El Segundo, CA","PlayStation 4;PlayStation 5","PlayStation 5::Administration - Juvenile Collection - Audio Visual: VIDEO GAME PS5 - On Shelf"
https://discover.cuyahogalibrary.org/GroupedWork/fa6dcb02-19cf-a95e-a7f9-de8be9ccc0c7-eng,"FC 24",,"Electronic Arts Inc",2023,"Redwood City, CA","PlayStation 5","PlayStation 5::Administration - Juvenile Collection - Audio Visual: VIDEO GAME PS5 - On Shelf,PlayStation 5::Berea Branch - Juvenile Collection - Audio Visual: VIDEO GAME PS5 - Checked Out,PlayStation 5::Mayfield Branch - Juvenile Collection - Audio Visual: VIDEO GAME PS5 - Checked Out"
https://discover.cuyahogalibrary.org/GroupedWork/d34ed14e-e00a-7056-172d-2554d01ff148-eng,Hades,,"Private Division",2021,"New York, NY","PlayStation 4;PlayStation 5;Xbox One",
https://discover.cuyahogalibrary.org/GroupedWork/c8368993-4d01-734a-800b-2b66c0b4f98d-eng,"The show 22",,"Sony Interactive Entertainment",2022,"San Mateo, California","PlayStation 4;PlayStation 5","PlayStation 5::Administration - Juvenile Collection - Audio Visual: VIDEO GAME PS5 - On Shelf"
https://discover.cuyahogalibrary.org/GroupedWork/bdf1d685-6bbd-85de-dbb8-4d59a5ccedfa-eng,"Tony Hawk's pro skater 1 + 2",,"Activision Publishing, Inc","2020 - 2021","Los Angeles, CA","PlayStation 4;PlayStation 5","PlayStation 5::Olmsted Falls Branch - Juvenile Collection - Audio Visual: VIDEO GAME PS5 - Checked Out"
https://discover.cuyahogalibrary.org/GroupedWork/2a2a535f-65ab-5341-c2e0-26270e15de16-eng,"Street Fighter 6",,"Capcom USA, Inc; Capcom",2023,"[United States]; San Francisco, CA","PlayStation 4;PlayStation 5","PlayStation 5::Garfield Heights Branch - Juvenile Collection - Audio Visual: VIDEO GAME PS5 - Checked Out,PlayStation 5::Strongsville Branch - Juvenile Collection - Audio Visual: VIDEO GAME PS5 - Checked Out"
https://discover.cuyahogalibrary.org/GroupedWork/94f37201-a75a-9a95-d3d3-c982f775f932-eng,"Horse Club adventures: 2,Hazelwood stories",,"Merge Games",2022,"Macclesfield, UK","PlayStation 4;PlayStation 5","PlayStation 5::Brooklyn Branch - Juvenile Collection - Audio Visual: VIDEO GAME PS5 - On Hold Shelf"
https://discover.cuyahogalibrary.org/GroupedWork/54f29679-3073-c4fb-fcf7-8ace92e030da-eng,"Puyo Puyo Tetris 2: the ultimate puzzle match",,"SEGA of America",2020,"Irvine, CA","PlayStation 4;PlayStation 5","PlayStation 5::Administration - Juvenile Collection - Audio Visual: VIDEO GAME PS5 - On Shelf"
https://discover.cuyahogalibrary.org/GroupedWork/52009473-06ab-732d-67ab-2efa7a5edc57-eng,"Ratchet & Clank: rift apart",,"Sony Interactive Entertainment America LLC",2021,"San Mateo, CA","PlayStation 5","PlayStation 5::Administration - Juvenile Collection - Audio Visual: VIDEO GAME PS5 - On Shelf,PlayStation 5::Brecksville Branch - Juvenile Collection - Audio Visual: VIDEO GAME PS5 - On Hold Shelf"
https://discover.cuyahogalibrary.org/GroupedWork/c8db9fd8-d2c5-e3ef-9f8c-b5bdab8ba25c-eng,"Nickelodeon all-star brawl 2",,"GameMill Entertainment",2023,"Edina Minnesota","PlayStation 5","PlayStation 5::Administration - Juvenile Collection - Audio Visual: VIDEO GAME PS5 - On Shelf,PlayStation 5::Bedford Branch - Juvenile Collection - Audio Visual: VIDEO GAME PS5 - Checked Out"
https://discover.cuyahogalibrary.org/GroupedWork/2291271c-0e02-094d-ac96-4b43a5e697e0-eng,"Train Sim World: 4",,"Maximum Games",2024,"Walnut Creek, CA","PlayStation 5","PlayStation 5::Administration - Juvenile Collection - Audio Visual: VIDEO GAME PS5 - On Shelf"
https://discover.cuyahogalibrary.org/GroupedWork/76eb1f42-eb92-2958-2ee7-5ada852923b3-eng,"Final fantasy VII: Remake intergrade",,"Square Enix",2021,"El Segundo, CA","PlayStation 5","PlayStation 5::Administration - Juvenile Collection - Audio Visual: VIDEO GAME PS5 - On Shelf,PlayStation 5::Fairview Park Branch - Juvenile Collection - Audio Visual: VIDEO GAME PS5 - Checked Out,PlayStation 5::Orange Branch - Juvenile Collection - Audio Visual: VIDEO GAME PS5 - Checked Out"
https://discover.cuyahogalibrary.org/GroupedWork/daedd8c2-1c1a-d0b7-c5ab-c8bad261b3ae-eng,"Gotham knights",,"Warner Bros. Games",2022,"[Burbank, California]","PlayStation 5","PlayStation 5::Administration - Juvenile Collection - Audio Visual: VIDEO GAME PS5 - On Shelf,PlayStation 5::Berea Branch - Juvenile Collection - Audio Visual: VIDEO GAME PS5 - On Hold Shelf,PlayStation 5::Olmsted Falls Branch - Juvenile Collection - Audio Visual: VIDEO GAME PS5 - Checked Out"
https://discover.cuyahogalibrary.org/GroupedWork/2f114975-a298-e579-41c5-c41d3fb4645b-eng,"Sonic frontiers",,"Sega of America, Inc",2022,"Irvine, CA","PlayStation 5","PlayStation 5::Administration - Juvenile Collection - Audio Visual: VIDEO GAME PS5 - On Shelf,PlayStation 5::Olmsted Falls Branch - Juvenile Collection - Audio Visual: VIDEO GAME PS5 - Checked Out,PlayStation 5::Strongsville Branch - Juvenile Collection - Audio Visual: VIDEO GAME PS5 - Checked Out"
https://discover.cuyahogalibrary.org/GroupedWork/ea30f4b2-f61a-c371-40cc-ae58179c67e8-eng,"Hot Wheels: Unleashed",,"Milestone S.r.l",2021,"[Place of publication not identified]","PlayStation 5","PlayStation 5::Administration - Juvenile Collection - Audio Visual: VIDEO GAME PS5 - On Shelf,PlayStation 5::Parma-Snow Branch - Juvenile Collection - Audio Visual: VIDEO GAME PS5 - Checked Out"
https://discover.cuyahogalibrary.org/GroupedWork/fc46b445-c74e-3ad8-b2b6-a8b68e600622-eng,TramSim,,"Maximum Games",2024,"Walnut Creek, CA","PlayStation 5","PlayStation 5::Administration - Juvenile Collection - Audio Visual: VIDEO GAME PS5 - On Shelf,PlayStation 5::Olmsted Falls Branch - Juvenile Collection - Audio Visual: VIDEO GAME PS5 - Checked Out"
https://discover.cuyahogalibrary.org/GroupedWork/01d7313b-a775-67d1-8a29-79276a30e4a2-eng,"Hot Wheels unleashed: 2 :turbocharged",,"Plaion GmbH",2023,Austria,"PlayStation 5","PlayStation 5::Administration - Juvenile Collection - Audio Visual: VIDEO GAME PS5 - On Shelf,PlayStation 5::Parma-Powers Branch - Juvenile Collection - Audio Visual: VIDEO GAME PS5 - Checked Out"
https://discover.cuyahogalibrary.org/GroupedWork/12b76dc0-f88f-f7b1-e403-0015f057a1df-eng,"Jujutsu kaisen: Cursed clash",,"Bandai Namco Entertainment, Inc",2024,"Irvine, CA","PlayStation 5","PlayStation 5::Administration - Juvenile Collection - Audio Visual: VIDEO GAME PS5 - On Shelf,PlayStation 5::Brooklyn Branch - Juvenile Collection - Audio Visual: VIDEO GAME PS5 - Checked Out"
https://discover.cuyahogalibrary.org/GroupedWork/4dec0b11-5b31-3989-a804-8ee82f0f029b-eng,"Five nights at Freddy's: Help wanted 2",,"Maximum Games, LLC",2024,"Walnut Creek, CA","PlayStation 5","PlayStation 5::Administration - Juvenile Collection - Audio Visual: VIDEO GAME PS5 - On Shelf,PlayStation 5::Bedford Branch - Juvenile Collection - Audio Visual: VIDEO GAME PS5 - Checked Out"
https://discover.cuyahogalibrary.org/GroupedWork/8bc761f4-6d5b-867b-0408-454e6a9f75ca-eng,"Trolls: remix rescue",,"Game Mill Entertainment",2023,"Edina, MN","PlayStation 5","PlayStation 5::Administration - Juvenile Collection - Audio Visual: VIDEO GAME PS5 - On Shelf,PlayStation 5::Parma-Snow Branch - Juvenile Collection - Audio Visual: VIDEO GAME PS5 - Checked Out"
https://discover.cuyahogalibrary.org/GroupedWork/f89ff393-7c2c-0f56-0007-08bbd1adec04-eng,"Minecraft legends",,"Microsoft Corporation",2023,"Redmond, WA","PlayStation 5","PlayStation 5::Administration - Juvenile Collection - Audio Visual: VIDEO GAME PS5 - On Shelf,PlayStation 5::Olmsted Falls Branch - Juvenile Collection - Audio Visual: VIDEO GAME PS5 - Checked Out,PlayStation 5::Parma Heights Branch - Juvenile Collection - Audio Visual: VIDEO GAME PS5 - Checked Out"
https://discover.cuyahogalibrary.org/GroupedWork/f988ceed-712f-abfa-c98c-42a2937a1614-eng,"The show 24",,"Sony Interactive Entertainment LLC",2024,"San Mateo, CA","PlayStation 5","PlayStation 5::Administration - Juvenile Collection - Audio Visual: VIDEO GAME PS5 - On Shelf,PlayStation 5::Bay Village Branch - Juvenile Collection - Audio Visual: VIDEO GAME PS5 - Checked Out,PlayStation 5::Solon Branch - Juvenile Collection - Audio Visual: VIDEO GAME PS5 - Checked Out"
https://discover.cuyahogalibrary.org/GroupedWork/1d0ff3d3-4976-7e9d-c60e-3d5583906e51-eng,"Ghostwire Tokyo",,"Bethesda Softworks",2022,"Rockville, MD","PlayStation 5","PlayStation 5::Administration - Juvenile Collection - Audio Visual: VIDEO GAME PS5 - On Shelf"
https://discover.cuyahogalibrary.org/GroupedWork/b18c4293-f1bf-9d3c-4f19-eadb52a566dd-zxx,"Just dance 2022: a Ubisoft original",,Ubisoft,2021,"San Francisco, CA","PlayStation 5","PlayStation 5::Administration - Juvenile Collection - Audio Visual: VIDEO GAME PS5 - On Shelf,PlayStation 5::Olmsted Falls Branch - Juvenile Collection - Audio Visual: VIDEO GAME PS5 - Checked Out"
https://discover.cuyahogalibrary.org/GroupedWork/f7f4fd70-6d6e-2c54-bdf0-bc9ae698779e-eng,"NFS: Unbound",,"Electronic Arts Inc",2022,"Redwood City, California","PlayStation 5","PlayStation 5::Administration - Juvenile Collection - Audio Visual: VIDEO GAME PS5 - On Shelf,PlayStation 5::Olmsted Falls Branch - Juvenile Collection - Audio Visual: VIDEO GAME PS5 - Checked Out"
https://discover.cuyahogalibrary.org/GroupedWork/dae0d602-7bbe-5b06-2d4d-4892e72343ae-eng,"Winter games: 2023",,"Merge Games",2022,"Knutsford, Cheshire","PlayStation 5","PlayStation 5::Administration - Juvenile Collection - Audio Visual: VIDEO GAME PS5 - On Shelf"
https://discover.cuyahogalibrary.org/GroupedWork/4d7317f2-ffc6-9c2f-9f50-70789451c755-zxx,"Crash team rumble",,"Activision Publishing",2023,"Los Angeles, CA","PlayStation 5","PlayStation 5::Administration - Juvenile Collection - Audio Visual: VIDEO GAME PS5 - On Shelf,PlayStation 5::Parma-Snow Branch - Juvenile Collection - Audio Visual: VIDEO GAME PS5 - On Shelf"
https://discover.cuyahogalibrary.org/GroupedWork/ad59057d-437a-9f12-150a-e860b546ac45-eng,"Demon Slayer: the hinokami chronicles",,Sega,2021,"Irvine, CA","PlayStation 5","PlayStation 5::Administration - Juvenile Collection - Audio Visual: VIDEO GAME PS5 - On Shelf"
https://discover.cuyahogalibrary.org/GroupedWork/ea364378-1e7c-29cc-1d44-e07ed8508a31-eng,"NHL 22",,"Electronic Arts, Inc",2021,"Redwood City, CA","PlayStation 5","PlayStation 5::Administration - Juvenile Collection - Audio Visual: VIDEO GAME PS5 - On Shelf"
https://discover.cuyahogalibrary.org/GroupedWork/51db7825-4f32-6d14-0cfd-73be111c3066-eng,"Star Wars: outlaws",,"Ubisoft, Inc",2024,"San Francisco, CA","Xbox Series X;PlayStation 5","PlayStation 5::Brooklyn Branch - Juvenile Collection - Audio Visual: VIDEO GAME PS5 - Checked Out,PlayStation 5::Parma-Powers Branch - Juvenile Collection - Audio Visual: VIDEO GAME PS5 - Checked Out"
https://discover.cuyahogalibrary.org/GroupedWork/d30539e6-238c-2865-0c9b-c7af25088ef7-eng,"LEGO Horizon adventures",,"Sony Interactive Entertainment LLC; Sony Interactive Entertainment",2024,"San Mateo, CA; [San Mateo, California?]","PlayStation 5;Nintendo Switch","PlayStation 5::Fairview Park Branch - Juvenile Collection - Audio Visual: VIDEO GAME PS5 - Checked Out,PlayStation 5::Solon Branch - Juvenile Collection - Audio Visual: VIDEO GAME PS5 - Checked Out"
https://discover.cuyahogalibrary.org/GroupedWork/5c0a1463-1ac8-5d7c-a26d-c686622ac2c8-eng,"Horizon: Forbidden West",,"Sony Interactive Entertainment LLC",2021,"Walnut Creek, CA","PlayStation 4;PlayStation 5","PlayStation 5::Bedford Branch - Juvenile Collection - Audio Visual: VIDEO GAME PS5 - Checked Out,PlayStation 5::Independence Branch - Juvenile Collection - Audio Visual: VIDEO GAME PS5 - Checked Out,PlayStation 5::Middleburg Heights Branch - Juvenile Collection - Audio Visual: VIDEO GAME PS5 - Checked Out"
https://discover.cuyahogalibrary.org/GroupedWork/75af8aa2-8f3a-45f6-afdc-e35c09c0ae1d-eng,"Armored core: VI,Fires of Rubicon",,"Namco Bandai Entertainment America Inc; Bandai Namco Entertainment America Inc",2023,"Irvine, CA","PlayStation 4;PlayStation 5","PlayStation 5::Administration - Juvenile Collection - Audio Visual: VIDEO GAME PS5 - On Shelf,PlayStation 5::Fairview Park Branch - Juvenile Collection - Audio Visual: VIDEO GAME PS5 - Checked Out,PlayStation 5::Strongsville Branch - Juvenile Collection - Audio Visual: VIDEO GAME PS5 - Checked Out"
https://discover.cuyahogalibrary.org/GroupedWork/84c993c9-c43b-8967-b04c-1b771714d856-eng,"Astro Bot",,"Sony Interactive Entertainment LLC",2024,"San Mateo, CA","PlayStation 5","PlayStation 5::Brooklyn Branch - Juvenile Collection - Audio Visual: VIDEO GAME PS5 - Checked Out,PlayStation 5::Independence Branch - Juvenile Collection - Audio Visual: VIDEO GAME PS5 - Checked Out,PlayStation 5::Olmsted Falls Branch - Juvenile Collection - Audio Visual: VIDEO GAME PS5 - In Transit"
https://discover.cuyahogalibrary.org/GroupedWork/08ce96c6-7aa5-addf-a089-cfc4d30ebda3-eng,"Madden NFL 25",,"Electronic Arts",2024,"Redwood City, CA","PlayStation 5","PlayStation 5::Administration - Juvenile Collection - Audio Visual: VIDEO GAME PS5 - In Transit"
https://discover.cuyahogalibrary.org/GroupedWork/05d3d373-5626-59d4-3b4c-4dfbd2b534e3-eng,"Spider-Man 2",,"Sony Interactive Entertainment LLC",2023,"San Mateo, CA","PlayStation 5","PlayStation 5::Beachwood Branch - Juvenile Collection - Audio Visual: VIDEO GAME PS5 - Checked Out,PlayStation 5::Bedford Branch - Juvenile Collection - Audio Visual: VIDEO GAME PS5 - Checked Out,PlayStation 5::Brooklyn Branch - Juvenile Collection - Audio Visual: VIDEO GAME PS5 - Checked Out"
https://discover.cuyahogalibrary.org/GroupedWork/8db7c2a9-6648-6317-263b-011bfcb34090-eng,"Sonic: superstars",,,2023,California,"PlayStation 5","PlayStation 5::Olmsted Falls Branch - Juvenile Collection - Audio Visual: VIDEO GAME PS5 - Checked Out,PlayStation 5::Parma-Powers Branch - Juvenile Collection - Audio Visual: VIDEO GAME PS5 - Checked Out,PlayStation 5::Richmond Heights Branch - Juvenile Collection - Audio Visual: VIDEO GAME PS5 - Checked Out"
https://discover.cuyahogalibrary.org/GroupedWork/44ddfcc3-673a-70dc-64d8-62295177649d-eng,"Tekken 8",,"Bandai Namco Entertainment America Inc",2024,"Irvine, CA","PlayStation 5","PlayStation 5::Administration - Juvenile Collection - Audio Visual: VIDEO GAME PS5 - Checked Out,PlayStation 5::Bedford Branch - Juvenile Collection - Audio Visual: VIDEO GAME PS5 - Checked Out,PlayStation 5::Brecksville Branch - Juvenile Collection - Audio Visual: VIDEO GAME PS5 - Checked Out"
https://discover.cuyahogalibrary.org/GroupedWork/dc6e46cb-122d-6859-7305-73aafb821d82-eng,"No man's sky",,"Bandai Namco Entertainment America Inc",2022,"Irvine, California","PlayStation 5","PlayStation 5::Bedford Branch - Juvenile Collection - Audio Visual: VIDEO GAME PS5 - Checked Out,PlayStation 5::Independence Branch - Juvenile Collection - Audio Visual: VIDEO GAME PS5 - Checked Out,PlayStation 5::Strongsville Branch - Juvenile Collection - Audio Visual: VIDEO GAME PS5 - Checked Out"
https://discover.cuyahogalibrary.org/GroupedWork/5951b809-dcec-064d-0aed-f1ef5d771e5b-eng,"Final fantasy VII: Rebirth",,"Square Enix",2024,"El Segundo, CA","PlayStation 5","PlayStation 5::Fairview Park Branch - Juvenile Collection - Audio Visual: VIDEO GAME PS5 - Checked Out,PlayStation 5::Olmsted Falls Branch - Juvenile Collection - Audio Visual: VIDEO GAME PS5 - In Transit,PlayStation 5::Solon Branch - Juvenile Collection - Audio Visual: VIDEO GAME PS5 - Checked Out"
https://discover.cuyahogalibrary.org/GroupedWork/da8b6862-fe42-345c-c011-860c043d881a-eng,Hades,,"Sony Interactive Entertainment LLC",2021,"San Mateo, California","PlayStation 5","PlayStation 5::Olmsted Falls Branch - Juvenile Collection - Audio Visual: VIDEO GAME PS5 - Checked Out"
https://discover.cuyahogalibrary.org/GroupedWork/394cd32b-9e34-09c6-42fa-7ebbd1e7e614-eng,"Fantasian neo dimension",,"Square Enix, Inc",2024,"[El Segundo, CA]","PlayStation 5","PlayStation 5::Administration - Juvenile Collection - Audio Visual: VIDEO GAME PS5 - Checked Out,PlayStation 5::Fairview Park Branch - Juvenile Collection - Audio Visual: VIDEO GAME PS5 - Checked Out,PlayStation 5::Solon Branch - Juvenile Collection - Audio Visual: VIDEO GAME PS5 - On Hold Shelf"
https://discover.cuyahogalibrary.org/GroupedWork/45cda5bf-73fc-cfa9-6f91-6160cbbfebb7-eng,"NBA 2K25",,2K,2024,"Novato, CA","PlayStation 5","PlayStation 5::Fairview Park Branch - Juvenile Collection - Audio Visual: VIDEO GAME PS5 - Checked Out,PlayStation 5::Parma Heights Branch - Juvenile Collection - Audio Visual: VIDEO GAME PS5 - On Hold Shelf"
https://discover.cuyahogalibrary.org/GroupedWork/384bd11a-7a6d-add3-1cd0-ddef8919c2be-eng,"SpongeBob Squarepants: The Patrick Star game",,"Outright Games Limited",2024,"[London, UK]","PlayStation 5","PlayStation 5::Parma Heights Branch - Juvenile Collection - Audio Visual: VIDEO GAME PS5 - On Hold Shelf,PlayStation 5::Solon Branch - Juvenile Collection - Audio Visual: VIDEO GAME PS5 - Checked Out"
https://discover.cuyahogalibrary.org/GroupedWork/3441c809-e607-c582-bd55-f219b1d3964c-eng,"Black myth: Wukong",,"PM Studios, Inc",2024,"Las Vegas, NV","PlayStation 5","PlayStation 5::Administration - Juvenile Collection - Audio Visual: VIDEO GAME PS5 - Checked Out,PlayStation 5::South Euclid-Lyndhurst Branch - Juvenile Collection - Audio Visual: VIDEO GAME PS5 - Checked Out"
https://discover.cuyahogalibrary.org/GroupedWork/dda9063c-351a-a623-8ebc-086dd8f6d177-zxx,"Midnight Suns",,2K,2022,"Novato, CA","PlayStation 5","PlayStation 5::Bedford Branch - Juvenile Collection - Audio Visual: VIDEO GAME PS5 - Checked Out,PlayStation 5::Strongsville Branch - Juvenile Collection - Audio Visual: VIDEO GAME PS5 - Checked Out"
https://discover.cuyahogalibrary.org/GroupedWork/e8b3cf4b-0cf4-8bb3-29a6-40dd5207329f-eng,"30 sport games in 1",,"Maximum Games",2024,"Walnut Creek, CA","PlayStation 5","PlayStation 5::Olmsted Falls Branch - Juvenile Collection - Audio Visual: VIDEO GAME PS5 - Checked Out,PlayStation 5::South Euclid-Lyndhurst Branch - Juvenile Collection - Audio Visual: VIDEO GAME PS5 - Checked Out,PlayStation 5::Strongsville Branch - Juvenile Collection - Audio Visual: VIDEO GAME PS5 - Checked Out"
https://discover.cuyahogalibrary.org/GroupedWork/70691c46-384e-688e-3b6c-2b623f1107db-eng,"Agatha Christie: Murder on the Orient Express",,"Microids SA",2023,"Paris, France","PlayStation 5","PlayStation 5::Middleburg Heights Branch - Juvenile Collection - Audio Visual: VIDEO GAME PS5 - Checked Out,PlayStation 5::Warrensville Heights Branch - Juvenile Collection - Audio Visual: VIDEO GAME PS5 - On Shelf"
https://discover.cuyahogalibrary.org/GroupedWork/068ea08d-8850-7381-1e85-0c000d52f6a6-eng,"Gran turismo 7: the real driving simulator",,"Sony Interactive Entertainment LLC",2022,"[San Mateo, CA]","PlayStation 5","PlayStation 5::Chagrin Falls Branch - Juvenile Collection - Audio Visual: VIDEO GAME PS5 - In Transit,PlayStation 5::Fairview Park Branch - Juvenile Collection - Audio Visual: VIDEO GAME PS5 - Checked Out"
https://discover.cuyahogalibrary.org/GroupedWork/8477a383-822b-f836-f961-f677e8e6c956-eng,"Dreamlight Valley",,"Nighthawk Interactive",2023,"Edison, NJ","PlayStation 5","PlayStation 5::Olmsted Falls Branch - Juvenile Collection - Audio Visual: VIDEO GAME PS5 - In Transit,PlayStation 5::Parma-Powers Branch - Juvenile Collection - Audio Visual: VIDEO GAME PS5 - Checked Out"
https://discover.cuyahogalibrary.org/GroupedWork/03541289-71ea-dc2c-c7a0-5801d171fbd5-eng,"Octopath traveler II",,"Square Enix",2023,"El Segundo, CA","PlayStation 5","PlayStation 5::Parma Heights Branch - Juvenile Collection - Audio Visual: VIDEO GAME PS5 - Checked Out"
